id,model,batch,workload,chosen_device,actual_ms,best_device,was_best,regret_pct,reason
117,conv-16c-4l,1,sustained,cpu,0.162,cpu,Yes,0.0,"Chose cpu (CPU) for conv-16c-4l (batch 1), Fastest mode. Predicted 0.162 ms (measured) vs runner-up dml:1 (0.239 ms, measured). Plugged in, battery 100%."
118,mlp-256w-4l,8,cold_start,cpu,11.454,cpu,Yes,0.0,"Chose cpu (CPU) for mlp-256w-4l (batch 8), Fastest mode. Predicted 2.728 ms (measured_cold_start) vs runner-up dml:0 (14.039 ms, measured_cold_start). Flagged volatile (session diff 73.1 > 20%). Plugged in, battery 100%."
119,conv-96c-4l,1,sustained,dml:1,0.78,dml:1,Yes,0.0,"Chose dml:1 (NVIDIA GeForce RTX 5070 Laptop GPU) for conv-96c-4l (batch 1), Fastest mode. Predicted 0.709 ms (measured) vs runner-up cpu (3.110 ms, measured). Plugged in, battery 100%."
120,conv-96c-4l,8,cold_start,cpu,32.303,cpu,Yes,0.0,"Chose cpu (CPU) for conv-96c-4l (batch 8), Fastest mode. Predicted 20.871 ms (measured_cold_start) vs runner-up dml:0 (57.850 ms, measured_cold_start). Plugged in, battery 100%."
121,mlp-3072w-4l,8,idle_loaded,dml:1,1.529,dml:1,Yes,0.0,"Chose dml:1 (NVIDIA GeForce RTX 5070 Laptop GPU) for mlp-3072w-4l (batch 8), Fastest mode. Predicted 1.543 ms (measured_idle_loaded) vs runner-up cpu (6.870 ms, measured_idle_loaded). Plugged in, battery 100%."
122,mlp-3072w-4l,1,idle_loaded,dml:1,1.243,dml:1,Yes,0.0,"Chose dml:1 (NVIDIA GeForce RTX 5070 Laptop GPU) for mlp-3072w-4l (batch 1), Fastest mode. Predicted 1.316 ms (measured_idle_loaded) vs runner-up dml:0 (5.825 ms, measured_idle_loaded). Plugged in, battery 100%."
123,conv-16c-4l,1,cold_start,cpu,2.794,cpu,Yes,0.0,"Chose cpu (CPU) for conv-16c-4l (batch 1), Fastest mode. Predicted 2.357 ms (measured_cold_start) vs runner-up dml:0 (14.139 ms, measured_cold_start). Plugged in, battery 100%."
124,mlp-3072w-4l,1,cold_start,dml:0,260.494,cpu,No,37.28,"Chose dml:0 (AMD Radeon(TM) 610M) for mlp-3072w-4l (batch 1), Fastest mode. Predicted 160.916 ms (measured_cold_start) vs runner-up cpu (174.290 ms, measured_cold_start). Flagged volatile (session diff 63.0 > 20%). Plugged in, battery 100%."
125,mlp-3072w-4l,8,cold_start,dml:1,230.9,cpu,No,4.69,"Chose dml:1 (NVIDIA GeForce RTX 5070 Laptop GPU) for mlp-3072w-4l (batch 8), Fastest mode. Predicted 176.977 ms (measured_cold_start) vs runner-up dml:0 (189.115 ms, measured_cold_start). Plugged in, battery 100%."
126,conv-16c-4l,1,idle_loaded,cpu,0.385,cpu,Yes,0.0,"Chose cpu (CPU) for conv-16c-4l (batch 1), Fastest mode. Predicted 0.448 ms (measured_idle_loaded) vs runner-up dml:1 (0.995 ms, measured_idle_loaded). Plugged in, battery 100%."
127,mlp-256w-4l,1,idle_loaded,cpu,0.195,cpu,Yes,0.0,"Chose cpu (CPU) for mlp-256w-4l (batch 1), Fastest mode. Predicted 0.201 ms (measured_idle_loaded) vs runner-up dml:1 (0.663 ms, measured_idle_loaded). Plugged in, battery 100%."
128,mlp-3072w-4l,8,sustained,dml:1,1.027,dml:1,Yes,0.0,"Chose dml:1 (NVIDIA GeForce RTX 5070 Laptop GPU) for mlp-3072w-4l (batch 8), Fastest mode. Predicted 1.029 ms (measured) vs runner-up cpu (4.240 ms, measured). Plugged in, battery 100%."
129,conv-96c-4l,8,sustained,dml:1,8.876,dml:1,Yes,0.0,"Chose dml:1 (NVIDIA GeForce RTX 5070 Laptop GPU) for conv-96c-4l (batch 8), Fastest mode. Predicted 15.790 ms (measured) vs runner-up cpu (20.033 ms, measured). Flagged volatile (session diff 66.9 > 20%). Plugged in, battery 100%."
130,mlp-1024w-4l,1,sustained,cpu,0.057,cpu,Yes,0.0,"Chose cpu (CPU) for mlp-1024w-4l (batch 1), Fastest mode. Predicted 0.067 ms (measured) vs runner-up dml:1 (0.162 ms, measured). Flagged volatile (session diff 38.9 > 20%). Plugged in, battery 100%."
131,mlp-3072w-4l,1,sustained,dml:1,0.673,dml:1,Yes,0.0,"Chose dml:1 (NVIDIA GeForce RTX 5070 Laptop GPU) for mlp-3072w-4l (batch 1), Fastest mode. Predicted 0.655 ms (measured) vs runner-up cpu (4.202 ms, measured). Plugged in, battery 100%."
132,mlp-256w-4l,1,cold_start,cpu,3.489,cpu,Yes,0.0,"Chose cpu (CPU) for mlp-256w-4l (batch 1), Fastest mode. Predicted 2.575 ms (measured_cold_start) vs runner-up dml:0 (13.930 ms, measured_cold_start). Plugged in, battery 100%."
133,conv-96c-4l,8,idle_loaded,dml:1,8.081,dml:1,Yes,0.0,"Chose dml:1 (NVIDIA GeForce RTX 5070 Laptop GPU) for conv-96c-4l (batch 8), Fastest mode. Predicted 15.902 ms (measured_idle_loaded) vs runner-up cpu (15.873 ms, measured_idle_loaded). Flagged volatile (session diff 66.9 > 20%). Plugged in, battery 100%. Preferred due to lower volatility."
134,mlp-256w-4l,8,idle_loaded,cpu,0.198,cpu,Yes,0.0,"Chose cpu (CPU) for mlp-256w-4l (batch 8), Fastest mode. Predicted 0.223 ms (measured_idle_loaded) vs runner-up dml:1 (0.558 ms, measured_idle_loaded). Flagged volatile (session diff 73.1 > 20%). Plugged in, battery 100%."
135,conv-96c-4l,1,idle_loaded,dml:1,1.461,dml:1,Yes,0.0,"Chose dml:1 (NVIDIA GeForce RTX 5070 Laptop GPU) for conv-96c-4l (batch 1), Fastest mode. Predicted 1.569 ms (measured_idle_loaded) vs runner-up cpu (3.637 ms, measured_idle_loaded). Plugged in, battery 100%."
136,mlp-1024w-4l,1,idle_loaded,dml:1,0.637,dml:1,Yes,0.0,"Chose dml:1 (NVIDIA GeForce RTX 5070 Laptop GPU) for mlp-1024w-4l (batch 1), Fastest mode. Predicted 0.922 ms (measured_idle_loaded) vs runner-up cpu (0.822 ms, measured_idle_loaded). Flagged volatile (session diff 20.3 > 20%). Plugged in, battery 100%. Preferred due to lower volatility."
137,mlp-1024w-4l,1,cold_start,cpu,16.064,cpu,Yes,0.0,"Chose cpu (CPU) for mlp-1024w-4l (batch 1), Fastest mode. Predicted 13.944 ms (measured_cold_start) vs runner-up dml:0 (30.150 ms, measured_cold_start). Flagged volatile (session diff 38.9 > 20%). Plugged in, battery 100%."
138,mlp-256w-4l,1,sustained,cpu,0.017,cpu,Yes,0.0,"Chose cpu (CPU) for mlp-256w-4l (batch 1), Fastest mode. Predicted 0.019 ms (measured) vs runner-up dml:0 (0.134 ms, measured). Plugged in, battery 100%."
139,mlp-256w-4l,8,sustained,cpu,0.029,cpu,Yes,0.0,"Chose cpu (CPU) for mlp-256w-4l (batch 8), Fastest mode. Predicted 0.032 ms (measured) vs runner-up dml:1 (0.147 ms, measured). Flagged volatile (session diff 73.1 > 20%). Plugged in, battery 100%."
140,conv-96c-4l,1,cold_start,cpu,6.904,cpu,Yes,0.0,"Chose cpu (CPU) for conv-96c-4l (batch 1), Fastest mode. Predicted 6.823 ms (measured_cold_start) vs runner-up dml:0 (20.494 ms, measured_cold_start). Flagged volatile (session diff 32.2 > 20%). Plugged in, battery 100%."
