id,decision_id,device_key,model_id,batch,workload,latency_ms,idle_s,pstate_before
1,,cpu,8,1,idle_loaded,0.201,0.5,
2,,cpu,8,1,cold_start,2.575,0.5,
3,,dml:0,8,1,idle_loaded,1.48,2.0,
4,,dml:0,8,1,cold_start,13.93,2.0,
5,,dml:1,8,1,idle_loaded,0.663,10.0,
6,,dml:1,8,1,cold_start,41.328,10.0,
7,,cpu,8,8,idle_loaded,0.223,0.5,
8,,cpu,8,8,cold_start,2.728,0.5,
9,,dml:0,8,8,idle_loaded,1.744,2.0,
10,,dml:0,8,8,cold_start,14.039,2.0,
11,,dml:1,8,8,idle_loaded,0.558,10.0,
12,,dml:1,8,8,cold_start,47.414,10.0,
13,,cpu,8,32,idle_loaded,0.238,0.5,
14,,cpu,8,32,cold_start,3.284,0.5,
15,,dml:0,8,32,idle_loaded,1.764,2.0,
16,,dml:0,8,32,cold_start,15.354,2.0,
17,,dml:1,8,32,idle_loaded,0.675,10.0,
18,,dml:1,8,32,cold_start,43.236,10.0,
19,,cpu,9,1,idle_loaded,0.822,0.5,
20,,cpu,9,1,cold_start,13.944,0.5,
21,,dml:0,9,1,idle_loaded,2.082,2.0,
22,,dml:0,9,1,cold_start,30.15,2.0,
23,,dml:1,9,1,idle_loaded,0.922,10.0,
24,,dml:1,9,1,cold_start,69.4,10.0,
25,,cpu,94,1,idle_loaded,7.128,0.5,
26,,cpu,94,1,cold_start,174.29,0.5,
27,,dml:0,94,1,idle_loaded,5.825,2.0,
28,,dml:0,94,1,cold_start,160.916,2.0,
29,,dml:1,94,1,idle_loaded,1.316,10.0,
30,,dml:1,94,1,cold_start,195.814,10.0,
31,,cpu,94,8,idle_loaded,6.87,0.5,
32,,cpu,94,8,cold_start,233.281,0.5,
33,,dml:0,94,8,idle_loaded,20.823,2.0,
34,,dml:0,94,8,cold_start,189.115,2.0,
35,,dml:1,94,8,idle_loaded,1.543,10.0,
36,,dml:1,94,8,cold_start,176.977,10.0,
37,,cpu,94,32,idle_loaded,9.116,0.5,
38,,cpu,94,32,cold_start,233.167,0.5,
39,,dml:0,94,32,idle_loaded,10.926,2.0,
40,,dml:0,94,32,cold_start,205.624,2.0,
41,,dml:1,94,32,idle_loaded,1.281,10.0,
42,,dml:1,94,32,cold_start,191.332,10.0,
43,,cpu,38,1,idle_loaded,0.448,0.5,
44,,cpu,38,1,cold_start,2.357,0.5,
45,,dml:0,38,1,idle_loaded,2.475,2.0,
46,,dml:0,38,1,cold_start,14.139,2.0,
47,,dml:1,38,1,idle_loaded,0.995,10.0,
48,,dml:1,38,1,cold_start,44.573,10.0,
49,,cpu,38,8,idle_loaded,1.233,0.5,
50,,cpu,38,8,cold_start,2.988,0.5,
51,,dml:0,38,8,idle_loaded,5.064,2.0,
52,,dml:0,38,8,cold_start,16.986,2.0,
53,,dml:1,38,8,idle_loaded,1.844,10.0,
54,,dml:1,38,8,cold_start,44.212,10.0,
55,,cpu,96,1,idle_loaded,3.637,0.5,
56,,cpu,96,1,cold_start,6.823,0.5,
57,,dml:0,96,1,idle_loaded,5.781,2.0,
58,,dml:0,96,1,cold_start,20.494,2.0,
59,,dml:1,96,1,idle_loaded,1.569,10.0,
60,,dml:1,96,1,cold_start,46.767,10.0,
61,,cpu,96,8,idle_loaded,15.873,0.5,
62,,cpu,96,8,cold_start,20.871,0.5,
63,,dml:0,96,8,idle_loaded,36.218,2.0,
64,,dml:0,96,8,cold_start,57.85,2.0,
65,,dml:1,96,8,idle_loaded,15.902,10.0,
66,,dml:1,96,8,cold_start,60.867,10.0,
67,,cpu,96,32,idle_loaded,84.146,0.5,
68,,cpu,96,32,cold_start,94.666,0.5,
69,,dml:0,96,32,idle_loaded,127.261,2.0,
70,,dml:0,96,32,cold_start,177.548,2.0,
71,,dml:1,96,32,idle_loaded,37.627,10.0,
72,,dml:1,96,32,cold_start,93.661,10.0,
73,118,cpu,8,8,cold_start,11.454,0.2,
74,118,dml:0,8,8,cold_start,17.138,1.0,
75,118,dml:1,8,8,cold_start,54.638,5.0,5
76,120,cpu,96,8,cold_start,32.303,0.2,
77,120,dml:0,96,8,cold_start,58.896,1.0,
78,120,dml:1,96,8,cold_start,77.841,5.0,5
79,121,cpu,94,8,idle_loaded,7.206,0.2,
80,121,dml:0,94,8,idle_loaded,20.88,1.0,
81,121,dml:1,94,8,idle_loaded,1.529,5.0,4
82,122,cpu,94,1,idle_loaded,7.496,0.2,
83,122,dml:0,94,1,idle_loaded,5.904,1.0,
84,122,dml:1,94,1,idle_loaded,1.243,5.0,4
85,123,cpu,38,1,cold_start,2.794,0.2,
86,123,dml:0,38,1,cold_start,14.14,1.0,
87,123,dml:1,38,1,cold_start,44.868,5.0,4
88,124,cpu,94,1,cold_start,189.752,0.2,
89,124,dml:0,94,1,cold_start,260.494,1.0,
90,124,dml:1,94,1,cold_start,202.779,5.0,4
91,125,cpu,94,8,cold_start,220.565,0.2,
92,125,dml:0,94,8,cold_start,227.742,1.0,
93,125,dml:1,94,8,cold_start,230.9,5.0,5
94,126,cpu,38,1,idle_loaded,0.385,0.2,
95,126,dml:0,38,1,idle_loaded,2.519,1.0,
96,126,dml:1,38,1,idle_loaded,1.002,5.0,4
97,127,cpu,8,1,idle_loaded,0.195,0.2,
98,127,dml:0,8,1,idle_loaded,1.65,1.0,
99,127,dml:1,8,1,idle_loaded,1.735,5.0,4
100,132,cpu,8,1,cold_start,3.489,0.2,
101,132,dml:0,8,1,cold_start,14.521,1.0,
102,132,dml:1,8,1,cold_start,48.566,5.0,4
103,133,cpu,96,8,idle_loaded,16.046,0.2,
104,133,dml:0,96,8,idle_loaded,42.538,1.0,
105,133,dml:1,96,8,idle_loaded,8.081,5.0,4
106,134,cpu,8,8,idle_loaded,0.198,0.2,
107,134,dml:0,8,8,idle_loaded,1.74,1.0,
108,134,dml:1,8,8,idle_loaded,1.726,5.0,4
109,135,cpu,96,1,idle_loaded,3.819,0.2,
110,135,dml:0,96,1,idle_loaded,5.455,1.0,
111,135,dml:1,96,1,idle_loaded,1.461,5.0,4
112,136,cpu,9,1,idle_loaded,0.732,0.2,
113,136,dml:0,9,1,idle_loaded,1.942,1.0,
114,136,dml:1,9,1,idle_loaded,0.637,5.0,4
115,137,cpu,9,1,cold_start,16.064,0.2,
116,137,dml:0,9,1,cold_start,26.946,1.0,
117,137,dml:1,9,1,cold_start,58.413,5.0,4
118,140,cpu,96,1,cold_start,6.904,0.2,
119,140,dml:0,96,1,cold_start,19.954,1.0,
120,140,dml:1,96,1,cold_start,47.413,5.0,4
121,141,cpu,8,8,cold_start,5.379,0.2,
122,141,dml:0,8,8,cold_start,93.083,1.0,
123,141,dml:1,8,8,cold_start,85.279,5.0,0
124,142,cpu,96,8,cold_start,32.894,0.2,
125,142,dml:0,96,8,cold_start,54.524,1.0,
126,142,dml:1,96,8,cold_start,147.366,5.0,4
127,143,cpu,38,1,cold_start,3.503,0.2,
128,143,dml:0,38,1,cold_start,14.352,1.0,
129,143,dml:1,38,1,cold_start,42.151,5.0,0
130,144,cpu,94,1,cold_start,215.775,0.2,
131,144,dml:0,94,1,cold_start,195.306,1.0,
132,144,dml:1,94,1,cold_start,219.895,5.0,5
133,145,cpu,94,8,cold_start,217.92,0.2,
134,145,dml:0,94,8,cold_start,192.017,1.0,
135,145,dml:1,94,8,cold_start,222.988,5.0,5
136,146,cpu,8,1,cold_start,4.989,0.2,
137,146,dml:0,8,1,cold_start,14.693,1.0,
138,146,dml:1,8,1,cold_start,54.192,5.0,5
139,147,cpu,9,1,cold_start,20.23,0.2,
140,147,dml:0,9,1,cold_start,31.3,1.0,
141,147,dml:1,9,1,cold_start,51.017,5.0,0
142,148,cpu,96,1,cold_start,7.741,0.2,
143,148,dml:0,96,1,cold_start,21.782,1.0,
144,148,dml:1,96,1,cold_start,46.244,5.0,4
